,Name,Load,Center,TSP 10 nodes,TSP 100 nodes,TSP 1000 nodes,TSP 10000 nodes
0,G1,0.000643626,0.000925315,0.001214745,0,0,0
