Name,Load,Center,TSP 10 nodes,TSP 100 nodes,TSP 1000 nodes,TSP 10000 nodes
1000Nodes.json,12.607557925,10.092880941,0.161585129,2.09704821,0.0,0
G1.json,0.000845921,0.000999566,0.000628757,0.0,0.0,0
G2.json,0.001574627,0.002243611,0.0012296,0.0,0.0,0
G3.json,0.004984153,0.006000765,0.002827918,0.0,0.0,0
10000Nodes.json,1379.541117084,2111.146619668,3.131208086,34.520753605,351.867277651,0
