Name,Load,Center,TSP 10 nodes,TSP 100 nodes,TSP 1000 nodes,TSP 10000 nodes
G1,0.000602056,0.001142452,0.001357269,0.0,0,0
G2,0.001704374,0.003028133,0.001251439,0.0,0,0
G3,0.005105311,0.006683318,0.002468525,0.0,0,0
1000Nodes,11.527582317,10.205038245,0.189866395,1.987147558,0,0
